-- phpMyAdmin SQL Dump
-- version 5.0.4
-- https://www.phpmyadmin.net/
--
-- 主机： 127.0.0.1
-- 生成日期： 2021-02-18 08:38:21
-- 服务器版本： 10.4.17-MariaDB
-- PHP 版本： 8.0.0

SET SQL_MODE = "NO_AUTO_VALUE_ON_ZERO";
START TRANSACTION;
SET time_zone = "+00:00";


/*!40101 SET @OLD_CHARACTER_SET_CLIENT=@@CHARACTER_SET_CLIENT */;
/*!40101 SET @OLD_CHARACTER_SET_RESULTS=@@CHARACTER_SET_RESULTS */;
/*!40101 SET @OLD_COLLATION_CONNECTION=@@COLLATION_CONNECTION */;
/*!40101 SET NAMES utf8mb4 */;

--
-- 数据库： `ft`
--

-- --------------------------------------------------------

--
-- 表的结构 `depts`
--

CREATE TABLE `depts` (
  `id` varchar(32) NOT NULL,
  `title` varchar(64) NOT NULL,
  `population` int(11) NOT NULL
) ENGINE=InnoDB DEFAULT CHARSET=utf8mb4;

--
-- 转存表中的数据 `depts`
--

INSERT INTO `depts` (`id`, `title`, `population`) VALUES
('D1', '部门1', 5),
('D2', '部门2', 5),
('D3', '部门3', 5),
('D4', '部门4', 5),
('D5', '部门5', 5);

-- --------------------------------------------------------

--
-- 表的结构 `files`
--

CREATE TABLE `files` (
  `id` varchar(64) NOT NULL,
  `creator` varchar(64) NOT NULL,
  `zoneId` varchar(64) NOT NULL,
  `creatorDate` date NOT NULL,
  `size` double NOT NULL,
  `folderId` varchar(64) NOT NULL,
  `type` int(11) NOT NULL
) ENGINE=InnoDB DEFAULT CHARSET=utf8mb4;

--
-- 转存表中的数据 `files`
--

INSERT INTO `files` (`id`, `creator`, `zoneId`, `creatorDate`, `size`, `folderId`, `type`) VALUES
('F000001', 'M000001', 'Z000001', '2021-02-18', 100, 'null', 0),
('F000002', 'M000002', 'Z000002', '2021-02-18', 100, 'null', 0),
('F000003', 'M000003', 'Z000003', '2021-02-18', 100, 'null', 0),
('F000004', 'M000004', 'Z000004', '2021-02-18', 100, 'null', 0),
('F000005', 'M000005', 'Z000005', '2021-02-18', 100, 'null', 0),
('F000006', 'M000006', 'Z000006', '2021-02-18', 100, 'null', 0),
('F000007', 'M000007', 'Z000007', '2021-02-18', 100, 'null', 0),
('F000008', 'M000008', 'Z000008', '2021-02-18', 100, 'null', 0),
('F000009', 'M000009', 'Z000009', '2021-02-18', 100, 'null', 0),
('F000010', 'M000010', 'Z000010', '2021-02-18', 100, 'null', 0),
('F000011', 'M000011', 'Z000011', '2021-02-18', 100, 'null', 0),
('F000012', 'M000012', 'Z000012', '2021-02-18', 100, 'null', 0),
('F000013', 'M000013', 'Z000013', '2021-02-18', 100, 'null', 0),
('F000014', 'M000014', 'Z000014', '2021-02-18', 100, 'null', 0),
('F000015', 'M000015', 'Z000015', '2021-02-18', 100, 'null', 0),
('F000016', 'M000016', 'Z000016', '2021-02-18', 100, 'null', 0),
('F000017', 'M000017', 'Z000017', '2021-02-18', 100, 'null', 0),
('F000018', 'M000018', 'Z000018', '2021-02-18', 100, 'null', 0),
('F000019', 'M000019', 'Z000019', '2021-02-18', 100, 'null', 0),
('F000020', 'M000020', 'Z000020', '2021-02-18', 100, 'null', 0),
('F000021', 'M000021', 'Z000021', '2021-02-18', 100, 'null', 0),
('F000022', 'M000022', 'Z000022', '2021-02-18', 100, 'null', 0),
('F000023', 'M000023', 'Z000023', '2021-02-18', 100, 'null', 0),
('F000024', 'M000024', 'Z000024', '2021-02-18', 100, 'null', 0),
('F000025', 'M000025', 'Z000025', '2021-02-18', 100, 'null', 0),
('F000026', 'M000001', 'Z000001', '2021-02-18', 10, 'F000001', 1),
('F000027', 'M000002', 'Z000002', '2021-02-18', 10, 'F000002', 1),
('F000028', 'M000003', 'Z000003', '2021-02-18', 10, 'F000003', 1),
('F000029', 'M000004', 'Z000004', '2021-02-18', 10, 'F000004', 1),
('F000030', 'M000005', 'Z000005', '2021-02-18', 10, 'F000005', 1),
('F000031', 'M000006', 'Z000006', '2021-02-18', 10, 'F000006', 1),
('F000032', 'M000007', 'Z000007', '2021-02-18', 10, 'F000007', 1),
('F000033', 'M000008', 'Z000008', '2021-02-18', 10, 'F000008', 1),
('F000034', 'M000009', 'Z000009', '2021-02-18', 10, 'F000009', 1),
('F000035', 'M000010', 'Z000010', '2021-02-18', 10, 'F000010', 1),
('F000036', 'M000011', 'Z000011', '2021-02-18', 10, 'F000011', 1),
('F000037', 'M000012', 'Z000012', '2021-02-18', 10, 'F000012', 1),
('F000038', 'M000013', 'Z000013', '2021-02-18', 10, 'F000013', 1),
('F000039', 'M000014', 'Z000014', '2021-02-18', 10, 'F000014', 1),
('F000040', 'M000015', 'Z000015', '2021-02-18', 10, 'F000015', 1),
('F000041', 'M000016', 'Z000016', '2021-02-18', 10, 'F000016', 1),
('F000042', 'M000017', 'Z000017', '2021-02-18', 10, 'F000017', 1),
('F000043', 'M000018', 'Z000018', '2021-02-18', 10, 'F000018', 1),
('F000044', 'M000019', 'Z000019', '2021-02-18', 10, 'F000019', 1),
('F000045', 'M000020', 'Z000020', '2021-02-18', 10, 'F000020', 1),
('F000046', 'M000021', 'Z000021', '2021-02-18', 10, 'F000021', 1),
('F000047', 'M000022', 'Z000022', '2021-02-18', 10, 'F000022', 1),
('F000048', 'M000023', 'Z000023', '2021-02-18', 10, 'F000023', 1),
('F000049', 'M000024', 'Z000024', '2021-02-18', 10, 'F000024', 1),
('F000050', 'M000025', 'Z000025', '2021-02-18', 10, 'F000025', 1),
('F000051', 'M000002', 'Z000002', '2021-02-18', 1, 'F000002', 2),
('F000052', 'M000001', 'Z000001', '2021-02-18', 1, 'F000001', 2),
('F000053', 'M000003', 'Z000003', '2021-02-18', 1, 'F000003', 2),
('F000054', 'M000004', 'Z000004', '2021-02-18', 1, 'F000004', 2),
('F000055', 'M000005', 'Z000005', '2021-02-18', 1, 'F000005', 2),
('F000056', 'M000006', 'Z000006', '2021-02-18', 1, 'F000006', 2),
('F000057', 'M000007', 'Z000007', '2021-02-18', 1, 'F000007', 2),
('F000058', 'M000008', 'Z000008', '2021-02-18', 1, 'F000008', 2),
('F000059', 'M000009', 'Z000009', '2021-02-18', 1, 'F000009', 2),
('F000060', 'M000010', 'Z000010', '2021-02-18', 1, 'F000010', 2),
('F000061', 'M000011', 'Z000011', '2021-02-18', 1, 'F000011', 2),
('F000062', 'M000012', 'Z000012', '2021-02-18', 1, 'F000012', 2),
('F000063', 'M000013', 'Z000013', '2021-02-18', 1, 'F000013', 2),
('F000064', 'M000014', 'Z000014', '2021-02-18', 1, 'F000014', 2),
('F000065', 'M000015', 'Z000015', '2021-02-18', 1, 'F000015', 2),
('F000066', 'M000016', 'Z000016', '2021-02-18', 1, 'F000016', 2),
('F000067', 'M000017', 'Z000017', '2021-02-18', 1, 'F000017', 2),
('F000068', 'M000018', 'Z000018', '2021-02-18', 1, 'F000018', 2),
('F000069', 'M000019', 'Z000019', '2021-02-18', 1, 'F000019', 2),
('F000070', 'M000020', 'Z000020', '2021-02-18', 1, 'F000020', 2),
('F000071', 'M000021', 'Z000021', '2021-02-18', 1, 'F000021', 2),
('F000072', 'M000022', 'Z000022', '2021-02-18', 1, 'F000022', 2),
('F000073', 'M000023', 'Z000023', '2021-02-18', 1, 'F000023', 2),
('F000074', 'M000024', 'Z000024', '2021-02-18', 1, 'F000024', 2),
('F000075', 'M000025', 'Z000025', '2021-02-18', 1, 'F000025', 2);

-- --------------------------------------------------------

--
-- 表的结构 `permissions`
--

CREATE TABLE `permissions` (
  `id` varchar(32) NOT NULL,
  `title` varchar(64) NOT NULL
) ENGINE=InnoDB DEFAULT CHARSET=utf8mb4;

--
-- 转存表中的数据 `permissions`
--

INSERT INTO `permissions` (`id`, `title`) VALUES
('0', 'staff'),
('1', 'director'),
('2', 'manager'),
('3', 'chief'),
('4', 'admin');

-- --------------------------------------------------------

--
-- 表的结构 `user`
--

CREATE TABLE `user` (
  `id` varchar(64) NOT NULL,
  `name` varchar(64) NOT NULL,
  `deptId` varchar(32) NOT NULL,
  `levelId` varchar(32) NOT NULL,
  `tel` bigint(11) NOT NULL
) ENGINE=InnoDB DEFAULT CHARSET=utf8mb4;

--
-- 转存表中的数据 `user`
--

INSERT INTO `user` (`id`, `name`, `deptId`, `levelId`, `tel`) VALUES
('M000001', 'qing', 'D1', '0', 13475869945),
('M000002', 'ting', 'D1', '0', 12745867738),
('M000003', 'fing', 'D1', '0', 12745867738),
('M000004', 'ising', 'D1', '0', 12745867738),
('M000005', 'rian', 'D1', '0', 12745867738),
('M000006', 'qian', 'D2', '0', 12745867738),
('M000007', 'wian', 'D2', '0', 12745867738),
('M000008', 'tian', 'D2', '0', 12745867738),
('M000009', 'yian', 'D2', '0', 12745867738),
('M000010', 'uian', 'D2', '0', 12745867738),
('M000011', 'uiian', 'D3', '0', 12745867738),
('M000012', 'oian', 'D3', '0', 12745867738),
('M000013', 'pian', 'D3', '0', 12745867738),
('M000014', 'goian', 'D3', '0', 12745867738),
('M000015', 'adian', 'D3', '0', 12745867738),
('M000016', 'qang', 'D4', '0', 12745867738),
('M000017', 'wang', 'D4', '0', 12745867738),
('M000018', 'eang', 'D4', '0', 12745867738),
('M000019', 'rang', 'D4', '0', 12745867738),
('M000020', 'tang', 'D4', '0', 12745867738),
('M000021', 'yang', 'D5', '0', 12745867738),
('M000022', 'vang', 'D5', '0', 12745867738),
('M000023', 'bang', 'D5', '0', 12745867738),
('M000024', 'nang', 'D5', '0', 12745867738),
('M000025', 'mang', 'D5', '0', 12745867738);

-- --------------------------------------------------------

--
-- 表的结构 `zones`
--

CREATE TABLE `zones` (
  `id` varchar(64) NOT NULL,
  `userId` varchar(64) NOT NULL,
  `size` int(11) NOT NULL,
  `name` varchar(64) NOT NULL
) ENGINE=InnoDB DEFAULT CHARSET=utf8mb4;

--
-- 转存表中的数据 `zones`
--

INSERT INTO `zones` (`id`, `userId`, `size`, `name`) VALUES
('Z000001', 'M000001', 100, 'Main'),
('Z000002', 'M000002', 100, 'Main'),
('Z000003', 'M000003', 100, 'Main'),
('Z000004', 'M000004', 100, 'Main'),
('Z000005', 'M000005', 100, 'Main'),
('Z000006', 'M000006', 100, 'Main'),
('Z000007', 'M000007', 100, 'Main'),
('Z000008', 'M000008', 100, 'Main'),
('Z000009', 'M000009', 100, 'Main'),
('Z000010', 'M000010', 100, 'Main'),
('Z000011', 'M000011', 100, 'Main'),
('Z000012', 'M000012', 100, 'Main'),
('Z000013', 'M000013', 100, 'Main'),
('Z000014', 'M000014', 100, 'Main'),
('Z000015', 'M000015', 100, 'Main'),
('Z000016', 'M000016', 100, 'Main'),
('Z000017', 'M000017', 100, 'Main'),
('Z000018', 'M000018', 100, 'Main'),
('Z000019', 'M000019', 100, 'Main'),
('Z000020', 'M000020', 100, 'Main'),
('Z000021', 'M000021', 100, 'Main'),
('Z000022', 'M000022', 100, 'Main'),
('Z000023', 'M000023', 100, 'Main'),
('Z000024', 'M000024', 100, 'Main'),
('Z000025', 'M000025', 100, 'Main');
COMMIT;

/*!40101 SET CHARACTER_SET_CLIENT=@OLD_CHARACTER_SET_CLIENT */;
/*!40101 SET CHARACTER_SET_RESULTS=@OLD_CHARACTER_SET_RESULTS */;
/*!40101 SET COLLATION_CONNECTION=@OLD_COLLATION_CONNECTION */;
